DATAFLOW,LAST UPDATE,freq,unit,geo,TIME_PERIOD,OBS_VALUE,OBS_FLAG,CONF_STATUS
ESTAT:NAMA_10R_2GDP(1.0),10/02/26 11:00:00,A,PPS_EU27_2020_HAB,AT,2023,46400,,
ESTAT:NAMA_10R_2GDP(1.0),10/02/26 11:00:00,A,PPS_EU27_2020_HAB,AT1,2023,45400,,
ESTAT:NAMA_10R_2GDP(1.0),10/02/26 11:00:00,A,PPS_EU27_2020_HAB,AT11,2023,33200,,
ESTAT:NAMA_10R_2GDP(1.0),10/02/26 11:00:00,A,PPS_EU27_2020_HAB,AT12,2023,38300,,
ESTAT:NAMA_10R_2GDP(1.0),10/02/26 11:00:00,A,PPS_EU27_2020_HAB,AT13,2023,53400,,
ESTAT:NAMA_10R_2GDP(1.0),10/02/26 11:00:00,A,PPS_EU27_2020_HAB,AT2,2023,43200,,
ESTAT:NAMA_10R_2GDP(1.0),10/02/26 11:00:00,A,PPS_EU27_2020_HAB,AT21,2023,44000,,
ESTAT:NAMA_10R_2GDP(1.0),10/02/26 11:00:00,A,PPS_EU27_2020_HAB,AT22,2023,42800,,
ESTAT:NAMA_10R_2GDP(1.0),10/02/26 11:00:00,A,PPS_EU27_2020_HAB,AT3,2023,49300,,
ESTAT:NAMA_10R_2GDP(1.0),10/02/26 11:00:00,A,PPS_EU27_2020_HAB,AT31,2023,47200,,
ESTAT:NAMA_10R_2GDP(1.0),10/02/26 11:00:00,A,PPS_EU27_2020_HAB,AT32,2023,56200,,
ESTAT:NAMA_10R_2GDP(1.0),10/02/26 11:00:00,A,PPS_EU27_2020_HAB,AT33,2023,49000,,
ESTAT:NAMA_10R_2GDP(1.0),10/02/26 11:00:00,A,PPS_EU27_2020_HAB,AT34,2023,48500,,
ESTAT:NAMA_10R_2GDP(1.0),10/02/26 11:00:00,A,PPS_EU27_2020_HAB,BE,2023,45400,,
ESTAT:NAMA_10R_2GDP(1.0),10/02/26 11:00:00,A,PPS_EU27_2020_HAB,BE1,2023,73100,,
ESTAT:NAMA_10R_2GDP(1.0),10/02/26 11:00:00,A,PPS_EU27_2020_HAB,BE10,2023,73100,,
ESTAT:NAMA_10R_2GDP(1.0),10/02/26 11:00:00,A,PPS_EU27_2020_HAB,BE2,2023,46700,,
ESTAT:NAMA_10R_2GDP(1.0),10/02/26 11:00:00,A,PPS_EU27_2020_HAB,BE21,2023,53600,,
ESTAT:NAMA_10R_2GDP(1.0),10/02/26 11:00:00,A,PPS_EU27_2020_HAB,BE22,2023,36700,,
ESTAT:NAMA_10R_2GDP(1.0),10/02/26 11:00:00,A,PPS_EU27_2020_HAB,BE23,2023,42800,,
ESTAT:NAMA_10R_2GDP(1.0),10/02/26 11:00:00,A,PPS_EU27_2020_HAB,BE24,2023,49500,,
ESTAT:NAMA_10R_2GDP(1.0),10/02/26 11:00:00,A,PPS_EU27_2020_HAB,BE25,2023,45600,,
ESTAT:NAMA_10R_2GDP(1.0),10/02/26 11:00:00,A,PPS_EU27_2020_HAB,BE3,2023,33600,,
ESTAT:NAMA_10R_2GDP(1.0),10/02/26 11:00:00,A,PPS_EU27_2020_HAB,BE31,2023,60600,,
ESTAT:NAMA_10R_2GDP(1.0),10/02/26 11:00:00,A,PPS_EU27_2020_HAB,BE32,2023,27800,,
ESTAT:NAMA_10R_2GDP(1.0),10/02/26 11:00:00,A,PPS_EU27_2020_HAB,BE33,2023,33300,,
ESTAT:NAMA_10R_2GDP(1.0),10/02/26 11:00:00,A,PPS_EU27_2020_HAB,BE34,2023,28100,,
ESTAT:NAMA_10R_2GDP(1.0),10/02/26 11:00:00,A,PPS_EU27_2020_HAB,BE35,2023,30900,,
ESTAT:NAMA_10R_2GDP(1.0),10/02/26 11:00:00,A,PPS_EU27_2020_HAB,BG,2023,24300,,
ESTAT:NAMA_10R_2GDP(1.0),10/02/26 11:00:00,A,PPS_EU27_2020_HAB,BG3,2023,18400,,
ESTAT:NAMA_10R_2GDP(1.0),10/02/26 11:00:00,A,PPS_EU27_2020_HAB,BG31,2023,16200,,
ESTAT:NAMA_10R_2GDP(1.0),10/02/26 11:00:00,A,PPS_EU27_2020_HAB,BG32,2023,16700,,
ESTAT:NAMA_10R_2GDP(1.0),10/02/26 11:00:00,A,PPS_EU27_2020_HAB,BG33,2023,19000,,
ESTAT:NAMA_10R_2GDP(1.0),10/02/26 11:00:00,A,PPS_EU27_2020_HAB,BG34,2023,20700,,
ESTAT:NAMA_10R_2GDP(1.0),10/02/26 11:00:00,A,PPS_EU27_2020_HAB,BG4,2023,29700,,
ESTAT:NAMA_10R_2GDP(1.0),10/02/26 11:00:00,A,PPS_EU27_2020_HAB,BG41,2023,38800,,
ESTAT:NAMA_10R_2GDP(1.0),10/02/26 11:00:00,A,PPS_EU27_2020_HAB,BG42,2023,15700,,
ESTAT:NAMA_10R_2GDP(1.0),10/02/26 11:00:00,A,PPS_EU27_2020_HAB,CY,2023,37400,,
ESTAT:NAMA_10R_2GDP(1.0),10/02/26 11:00:00,A,PPS_EU27_2020_HAB,CY0,2023,37400,,
ESTAT:NAMA_10R_2GDP(1.0),10/02/26 11:00:00,A,PPS_EU27_2020_HAB,CY00,2023,37400,,
ESTAT:NAMA_10R_2GDP(1.0),10/02/26 11:00:00,A,PPS_EU27_2020_HAB,CZ,2023,35000,,
ESTAT:NAMA_10R_2GDP(1.0),10/02/26 11:00:00,A,PPS_EU27_2020_HAB,CZ0,2023,35000,,
ESTAT:NAMA_10R_2GDP(1.0),10/02/26 11:00:00,A,PPS_EU27_2020_HAB,CZ01,2023,75700,,
ESTAT:NAMA_10R_2GDP(1.0),10/02/26 11:00:00,A,PPS_EU27_2020_HAB,CZ02,2023,31500,,
ESTAT:NAMA_10R_2GDP(1.0),10/02/26 11:00:00,A,PPS_EU27_2020_HAB,CZ03,2023,29400,,
ESTAT:NAMA_10R_2GDP(1.0),10/02/26 11:00:00,A,PPS_EU27_2020_HAB,CZ04,2023,23800,,
ESTAT:NAMA_10R_2GDP(1.0),10/02/26 11:00:00,A,PPS_EU27_2020_HAB,CZ05,2023,28400,,
ESTAT:NAMA_10R_2GDP(1.0),10/02/26 11:00:00,A,PPS_EU27_2020_HAB,CZ06,2023,32800,,
ESTAT:NAMA_10R_2GDP(1.0),10/02/26 11:00:00,A,PPS_EU27_2020_HAB,CZ07,2023,28300,,
ESTAT:NAMA_10R_2GDP(1.0),10/02/26 11:00:00,A,PPS_EU27_2020_HAB,CZ08,2023,27000,,
ESTAT:NAMA_10R_2GDP(1.0),10/02/26 11:00:00,A,PPS_EU27_2020_HAB,DE,2023,45100,p,
ESTAT:NAMA_10R_2GDP(1.0),10/02/26 11:00:00,A,PPS_EU27_2020_HAB,DE1,2023,51000,p,
ESTAT:NAMA_10R_2GDP(1.0),10/02/26 11:00:00,A,PPS_EU27_2020_HAB,DE11,2023,59900,p,
ESTAT:NAMA_10R_2GDP(1.0),10/02/26 11:00:00,A,PPS_EU27_2020_HAB,DE12,2023,48200,p,
ESTAT:NAMA_10R_2GDP(1.0),10/02/26 11:00:00,A,PPS_EU27_2020_HAB,DE13,2023,40900,p,
ESTAT:NAMA_10R_2GDP(1.0),10/02/26 11:00:00,A,PPS_EU27_2020_HAB,DE14,2023,47600,p,
ESTAT:NAMA_10R_2GDP(1.0),10/02/26 11:00:00,A,PPS_EU27_2020_HAB,DE2,2023,53100,p,
ESTAT:NAMA_10R_2GDP(1.0),10/02/26 11:00:00,A,PPS_EU27_2020_HAB,DE21,2023,66600,p,
ESTAT:NAMA_10R_2GDP(1.0),10/02/26 11:00:00,A,PPS_EU27_2020_HAB,DE22,2023,44500,p,
ESTAT:NAMA_10R_2GDP(1.0),10/02/26 11:00:00,A,PPS_EU27_2020_HAB,DE23,2023,48300,p,
ESTAT:NAMA_10R_2GDP(1.0),10/02/26 11:00:00,A,PPS_EU27_2020_HAB,DE24,2023,42700,p,
ESTAT:NAMA_10R_2GDP(1.0),10/02/26 11:00:00,A,PPS_EU27_2020_HAB,DE25,2023,49500,p,
ESTAT:NAMA_10R_2GDP(1.0),10/02/26 11:00:00,A,PPS_EU27_2020_HAB,DE26,2023,45200,p,
ESTAT:NAMA_10R_2GDP(1.0),10/02/26 11:00:00,A,PPS_EU27_2020_HAB,DE27,2023,42800,p,
ESTAT:NAMA_10R_2GDP(1.0),10/02/26 11:00:00,A,PPS_EU27_2020_HAB,DE3,2023,48700,p,
ESTAT:NAMA_10R_2GDP(1.0),10/02/26 11:00:00,A,PPS_EU27_2020_HAB,DE30,2023,48700,p,
ESTAT:NAMA_10R_2GDP(1.0),10/02/26 11:00:00,A,PPS_EU27_2020_HAB,DE4,2023,33400,p,
ESTAT:NAMA_10R_2GDP(1.0),10/02/26 11:00:00,A,PPS_EU27_2020_HAB,DE40,2023,33400,p,
ESTAT:NAMA_10R_2GDP(1.0),10/02/26 11:00:00,A,PPS_EU27_2020_HAB,DE5,2023,51700,p,
ESTAT:NAMA_10R_2GDP(1.0),10/02/26 11:00:00,A,PPS_EU27_2020_HAB,DE50,2023,51700,p,
ESTAT:NAMA_10R_2GDP(1.0),10/02/26 11:00:00,A,PPS_EU27_2020_HAB,DE6,2023,75000,p,
ESTAT:NAMA_10R_2GDP(1.0),10/02/26 11:00:00,A,PPS_EU27_2020_HAB,DE60,2023,75000,p,
ESTAT:NAMA_10R_2GDP(1.0),10/02/26 11:00:00,A,PPS_EU27_2020_HAB,DE7,2023,51100,p,
ESTAT:NAMA_10R_2GDP(1.0),10/02/26 11:00:00,A,PPS_EU27_2020_HAB,DE71,2023,57100,p,
ESTAT:NAMA_10R_2GDP(1.0),10/02/26 11:00:00,A,PPS_EU27_2020_HAB,DE72,2023,38700,p,
ESTAT:NAMA_10R_2GDP(1.0),10/02/26 11:00:00,A,PPS_EU27_2020_HAB,DE73,2023,41700,p,
ESTAT:NAMA_10R_2GDP(1.0),10/02/26 11:00:00,A,PPS_EU27_2020_HAB,DE8,2023,33400,p,
ESTAT:NAMA_10R_2GDP(1.0),10/02/26 11:00:00,A,PPS_EU27_2020_HAB,DE80,2023,33400,p,
ESTAT:NAMA_10R_2GDP(1.0),10/02/26 11:00:00,A,PPS_EU27_2020_HAB,DE9,2023,41400,p,
ESTAT:NAMA_10R_2GDP(1.0),10/02/26 11:00:00,A,PPS_EU27_2020_HAB,DE91,2023,49800,p,
ESTAT:NAMA_10R_2GDP(1.0),10/02/26 11:00:00,A,PPS_EU27_2020_HAB,DE92,2023,43100,p,
ESTAT:NAMA_10R_2GDP(1.0),10/02/26 11:00:00,A,PPS_EU27_2020_HAB,DE93,2023,32500,p,
ESTAT:NAMA_10R_2GDP(1.0),10/02/26 11:00:00,A,PPS_EU27_2020_HAB,DE94,2023,40700,p,
ESTAT:NAMA_10R_2GDP(1.0),10/02/26 11:00:00,A,PPS_EU27_2020_HAB,DEA,2023,42400,p,
ESTAT:NAMA_10R_2GDP(1.0),10/02/26 11:00:00,A,PPS_EU27_2020_HAB,DEA1,2023,45200,p,
ESTAT:NAMA_10R_2GDP(1.0),10/02/26 11:00:00,A,PPS_EU27_2020_HAB,DEA2,2023,46000,p,
ESTAT:NAMA_10R_2GDP(1.0),10/02/26 11:00:00,A,PPS_EU27_2020_HAB,DEA3,2023,37100,p,
ESTAT:NAMA_10R_2GDP(1.0),10/02/26 11:00:00,A,PPS_EU27_2020_HAB,DEA4,2023,41400,p,
ESTAT:NAMA_10R_2GDP(1.0),10/02/26 11:00:00,A,PPS_EU27_2020_HAB,DEA5,2023,38200,p,
ESTAT:NAMA_10R_2GDP(1.0),10/02/26 11:00:00,A,PPS_EU27_2020_HAB,DEB,2023,39400,p,
ESTAT:NAMA_10R_2GDP(1.0),10/02/26 11:00:00,A,PPS_EU27_2020_HAB,DEB1,2023,37400,p,
ESTAT:NAMA_10R_2GDP(1.0),10/02/26 11:00:00,A,PPS_EU27_2020_HAB,DEB2,2023,34400,p,
ESTAT:NAMA_10R_2GDP(1.0),10/02/26 11:00:00,A,PPS_EU27_2020_HAB,DEB3,2023,42200,p,
ESTAT:NAMA_10R_2GDP(1.0),10/02/26 11:00:00,A,PPS_EU27_2020_HAB,DEC,2023,37300,p,
ESTAT:NAMA_10R_2GDP(1.0),10/02/26 11:00:00,A,PPS_EU27_2020_HAB,DEC0,2023,37300,p,
ESTAT:NAMA_10R_2GDP(1.0),10/02/26 11:00:00,A,PPS_EU27_2020_HAB,DED,2023,34800,p,
ESTAT:NAMA_10R_2GDP(1.0),10/02/26 11:00:00,A,PPS_EU27_2020_HAB,DED2,2023,35500,p,
ESTAT:NAMA_10R_2GDP(1.0),10/02/26 11:00:00,A,PPS_EU27_2020_HAB,DED4,2023,31600,p,
ESTAT:NAMA_10R_2GDP(1.0),10/02/26 11:00:00,A,PPS_EU27_2020_HAB,DED5,2023,37700,p,
ESTAT:NAMA_10R_2GDP(1.0),10/02/26 11:00:00,A,PPS_EU27_2020_HAB,DEE,2023,32500,p,
ESTAT:NAMA_10R_2GDP(1.0),10/02/26 11:00:00,A,PPS_EU27_2020_HAB,DEE0,2023,32500,p,
ESTAT:NAMA_10R_2GDP(1.0),10/02/26 11:00:00,A,PPS_EU27_2020_HAB,DEF,2023,37000,p,
ESTAT:NAMA_10R_2GDP(1.0),10/02/26 11:00:00,A,PPS_EU27_2020_HAB,DEF0,2023,37000,p,
ESTAT:NAMA_10R_2GDP(1.0),10/02/26 11:00:00,A,PPS_EU27_2020_HAB,DEG,2023,32400,p,
ESTAT:NAMA_10R_2GDP(1.0),10/02/26 11:00:00,A,PPS_EU27_2020_HAB,DEG0,2023,32400,p,
ESTAT:NAMA_10R_2GDP(1.0),10/02/26 11:00:00,A,PPS_EU27_2020_HAB,DK,2023,48400,,
ESTAT:NAMA_10R_2GDP(1.0),10/02/26 11:00:00,A,PPS_EU27_2020_HAB,DK0,2023,48000,,
ESTAT:NAMA_10R_2GDP(1.0),10/02/26 11:00:00,A,PPS_EU27_2020_HAB,DK01,2023,65300,,
ESTAT:NAMA_10R_2GDP(1.0),10/02/26 11:00:00,A,PPS_EU27_2020_HAB,DK02,2023,34300,,
ESTAT:NAMA_10R_2GDP(1.0),10/02/26 11:00:00,A,PPS_EU27_2020_HAB,DK03,2023,41900,,
ESTAT:NAMA_10R_2GDP(1.0),10/02/26 11:00:00,A,PPS_EU27_2020_HAB,DK04,2023,42000,,
ESTAT:NAMA_10R_2GDP(1.0),10/02/26 11:00:00,A,PPS_EU27_2020_HAB,DK05,2023,38500,,
ESTAT:NAMA_10R_2GDP(1.0),10/02/26 11:00:00,A,PPS_EU27_2020_HAB,EE,2023,30600,,
ESTAT:NAMA_10R_2GDP(1.0),10/02/26 11:00:00,A,PPS_EU27_2020_HAB,EE0,2023,30600,,
ESTAT:NAMA_10R_2GDP(1.0),10/02/26 11:00:00,A,PPS_EU27_2020_HAB,EE00,2023,30600,,
ESTAT:NAMA_10R_2GDP(1.0),10/02/26 11:00:00,A,PPS_EU27_2020_HAB,EL,2023,26300,p,
ESTAT:NAMA_10R_2GDP(1.0),10/02/26 11:00:00,A,PPS_EU27_2020_HAB,EL3,2023,36700,p,
ESTAT:NAMA_10R_2GDP(1.0),10/02/26 11:00:00,A,PPS_EU27_2020_HAB,EL30,2023,36700,p,
ESTAT:NAMA_10R_2GDP(1.0),10/02/26 11:00:00,A,PPS_EU27_2020_HAB,EL4,2023,22600,p,
ESTAT:NAMA_10R_2GDP(1.0),10/02/26 11:00:00,A,PPS_EU27_2020_HAB,EL41,2023,16200,p,
ESTAT:NAMA_10R_2GDP(1.0),10/02/26 11:00:00,A,PPS_EU27_2020_HAB,EL42,2023,26600,p,
ESTAT:NAMA_10R_2GDP(1.0),10/02/26 11:00:00,A,PPS_EU27_2020_HAB,EL43,2023,22600,p,
ESTAT:NAMA_10R_2GDP(1.0),10/02/26 11:00:00,A,PPS_EU27_2020_HAB,EL5,2023,19600,p,
ESTAT:NAMA_10R_2GDP(1.0),10/02/26 11:00:00,A,PPS_EU27_2020_HAB,EL51,2023,17100,p,
ESTAT:NAMA_10R_2GDP(1.0),10/02/26 11:00:00,A,PPS_EU27_2020_HAB,EL52,2023,20900,p,
ESTAT:NAMA_10R_2GDP(1.0),10/02/26 11:00:00,A,PPS_EU27_2020_HAB,EL53,2023,19200,p,
ESTAT:NAMA_10R_2GDP(1.0),10/02/26 11:00:00,A,PPS_EU27_2020_HAB,EL54,2023,17000,p,
ESTAT:NAMA_10R_2GDP(1.0),10/02/26 11:00:00,A,PPS_EU27_2020_HAB,EL6,2023,21000,p,
ESTAT:NAMA_10R_2GDP(1.0),10/02/26 11:00:00,A,PPS_EU27_2020_HAB,EL61,2023,20100,p,
ESTAT:NAMA_10R_2GDP(1.0),10/02/26 11:00:00,A,PPS_EU27_2020_HAB,EL62,2023,24000,p,
ESTAT:NAMA_10R_2GDP(1.0),10/02/26 11:00:00,A,PPS_EU27_2020_HAB,EL63,2023,18800,p,
ESTAT:NAMA_10R_2GDP(1.0),10/02/26 11:00:00,A,PPS_EU27_2020_HAB,EL64,2023,22800,p,
ESTAT:NAMA_10R_2GDP(1.0),10/02/26 11:00:00,A,PPS_EU27_2020_HAB,EL65,2023,22000,p,
ESTAT:NAMA_10R_2GDP(1.0),10/02/26 11:00:00,A,PPS_EU27_2020_HAB,ES,2023,34800,p,
ESTAT:NAMA_10R_2GDP(1.0),10/02/26 11:00:00,A,PPS_EU27_2020_HAB,ES1,2023,32000,p,
ESTAT:NAMA_10R_2GDP(1.0),10/02/26 11:00:00,A,PPS_EU27_2020_HAB,ES11,2023,32200,p,
ESTAT:NAMA_10R_2GDP(1.0),10/02/26 11:00:00,A,PPS_EU27_2020_HAB,ES12,2023,31600,p,
ESTAT:NAMA_10R_2GDP(1.0),10/02/26 11:00:00,A,PPS_EU27_2020_HAB,ES13,2023,31900,p,
ESTAT:NAMA_10R_2GDP(1.0),10/02/26 11:00:00,A,PPS_EU27_2020_HAB,ES2,2023,41500,p,
ESTAT:NAMA_10R_2GDP(1.0),10/02/26 11:00:00,A,PPS_EU27_2020_HAB,ES21,2023,43800,p,
ESTAT:NAMA_10R_2GDP(1.0),10/02/26 11:00:00,A,PPS_EU27_2020_HAB,ES22,2023,41500,p,
ESTAT:NAMA_10R_2GDP(1.0),10/02/26 11:00:00,A,PPS_EU27_2020_HAB,ES23,2023,36400,p,
ESTAT:NAMA_10R_2GDP(1.0),10/02/26 11:00:00,A,PPS_EU27_2020_HAB,ES24,2023,39000,p,
ESTAT:NAMA_10R_2GDP(1.0),10/02/26 11:00:00,A,PPS_EU27_2020_HAB,ES3,2023,47900,p,
ESTAT:NAMA_10R_2GDP(1.0),10/02/26 11:00:00,A,PPS_EU27_2020_HAB,ES30,2023,47900,p,
ESTAT:NAMA_10R_2GDP(1.0),10/02/26 11:00:00,A,PPS_EU27_2020_HAB,ES4,2023,29900,p,
ESTAT:NAMA_10R_2GDP(1.0),10/02/26 11:00:00,A,PPS_EU27_2020_HAB,ES41,2023,32900,p,
ESTAT:NAMA_10R_2GDP(1.0),10/02/26 11:00:00,A,PPS_EU27_2020_HAB,ES42,2023,28200,p,
ESTAT:NAMA_10R_2GDP(1.0),10/02/26 11:00:00,A,PPS_EU27_2020_HAB,ES43,2023,26800,p,
ESTAT:NAMA_10R_2GDP(1.0),10/02/26 11:00:00,A,PPS_EU27_2020_HAB,ES5,2023,36100,p,
ESTAT:NAMA_10R_2GDP(1.0),10/02/26 11:00:00,A,PPS_EU27_2020_HAB,ES51,2023,40000,p,
ESTAT:NAMA_10R_2GDP(1.0),10/02/26 11:00:00,A,PPS_EU27_2020_HAB,ES52,2023,29800,p,
ESTAT:NAMA_10R_2GDP(1.0),10/02/26 11:00:00,A,PPS_EU27_2020_HAB,ES53,2023,38200,p,
ESTAT:NAMA_10R_2GDP(1.0),10/02/26 11:00:00,A,PPS_EU27_2020_HAB,ES6,2023,26400,p,
ESTAT:NAMA_10R_2GDP(1.0),10/02/26 11:00:00,A,PPS_EU27_2020_HAB,ES61,2023,26000,p,
ESTAT:NAMA_10R_2GDP(1.0),10/02/26 11:00:00,A,PPS_EU27_2020_HAB,ES62,2023,28700,p,
ESTAT:NAMA_10R_2GDP(1.0),10/02/26 11:00:00,A,PPS_EU27_2020_HAB,ES63,2023,25200,p,
ESTAT:NAMA_10R_2GDP(1.0),10/02/26 11:00:00,A,PPS_EU27_2020_HAB,ES64,2023,23000,p,
ESTAT:NAMA_10R_2GDP(1.0),10/02/26 11:00:00,A,PPS_EU27_2020_HAB,ES7,2023,27200,p,
ESTAT:NAMA_10R_2GDP(1.0),10/02/26 11:00:00,A,PPS_EU27_2020_HAB,ES70,2023,27200,p,
ESTAT:NAMA_10R_2GDP(1.0),10/02/26 11:00:00,A,PPS_EU27_2020_HAB,EU27_2020,2023,38400,,
ESTAT:NAMA_10R_2GDP(1.0),10/02/26 11:00:00,A,PPS_EU27_2020_HAB,FI,2023,39700,,
ESTAT:NAMA_10R_2GDP(1.0),10/02/26 11:00:00,A,PPS_EU27_2020_HAB,FI1,2023,39600,,
ESTAT:NAMA_10R_2GDP(1.0),10/02/26 11:00:00,A,PPS_EU27_2020_HAB,FI19,2023,36000,,
ESTAT:NAMA_10R_2GDP(1.0),10/02/26 11:00:00,A,PPS_EU27_2020_HAB,FI1B,2023,50400,,
ESTAT:NAMA_10R_2GDP(1.0),10/02/26 11:00:00,A,PPS_EU27_2020_HAB,FI1C,2023,34300,,
ESTAT:NAMA_10R_2GDP(1.0),10/02/26 11:00:00,A,PPS_EU27_2020_HAB,FI1D,2023,33700,,
ESTAT:NAMA_10R_2GDP(1.0),10/02/26 11:00:00,A,PPS_EU27_2020_HAB,FI2,2023,43600,,
ESTAT:NAMA_10R_2GDP(1.0),10/02/26 11:00:00,A,PPS_EU27_2020_HAB,FI20,2023,43600,,
ESTAT:NAMA_10R_2GDP(1.0),10/02/26 11:00:00,A,PPS_EU27_2020_HAB,FR,2023,38100,p,
ESTAT:NAMA_10R_2GDP(1.0),10/02/26 11:00:00,A,PPS_EU27_2020_HAB,FR1,2023,61500,p,
ESTAT:NAMA_10R_2GDP(1.0),10/02/26 11:00:00,A,PPS_EU27_2020_HAB,FR10,2023,61500,p,
ESTAT:NAMA_10R_2GDP(1.0),10/02/26 11:00:00,A,PPS_EU27_2020_HAB,FRB,2023,32000,p,
ESTAT:NAMA_10R_2GDP(1.0),10/02/26 11:00:00,A,PPS_EU27_2020_HAB,FRB0,2023,32000,p,
ESTAT:NAMA_10R_2GDP(1.0),10/02/26 11:00:00,A,PPS_EU27_2020_HAB,FRC,2023,30600,p,
ESTAT:NAMA_10R_2GDP(1.0),10/02/26 11:00:00,A,PPS_EU27_2020_HAB,FRC1,2023,32000,p,
ESTAT:NAMA_10R_2GDP(1.0),10/02/26 11:00:00,A,PPS_EU27_2020_HAB,FRC2,2023,28800,p,
ESTAT:NAMA_10R_2GDP(1.0),10/02/26 11:00:00,A,PPS_EU27_2020_HAB,FRD,2023,31800,p,
ESTAT:NAMA_10R_2GDP(1.0),10/02/26 11:00:00,A,PPS_EU27_2020_HAB,FRD1,2023,31200,p,
ESTAT:NAMA_10R_2GDP(1.0),10/02/26 11:00:00,A,PPS_EU27_2020_HAB,FRD2,2023,32200,p,
ESTAT:NAMA_10R_2GDP(1.0),10/02/26 11:00:00,A,PPS_EU27_2020_HAB,FRE,2023,29400,p,
ESTAT:NAMA_10R_2GDP(1.0),10/02/26 11:00:00,A,PPS_EU27_2020_HAB,FRE1,2023,30000,p,
ESTAT:NAMA_10R_2GDP(1.0),10/02/26 11:00:00,A,PPS_EU27_2020_HAB,FRE2,2023,28200,p,
ESTAT:NAMA_10R_2GDP(1.0),10/02/26 11:00:00,A,PPS_EU27_2020_HAB,FRF,2023,31800,p,
ESTAT:NAMA_10R_2GDP(1.0),10/02/26 11:00:00,A,PPS_EU27_2020_HAB,FRF1,2023,34900,p,
ESTAT:NAMA_10R_2GDP(1.0),10/02/26 11:00:00,A,PPS_EU27_2020_HAB,FRF2,2023,34000,p,
ESTAT:NAMA_10R_2GDP(1.0),10/02/26 11:00:00,A,PPS_EU27_2020_HAB,FRF3,2023,28100,p,
ESTAT:NAMA_10R_2GDP(1.0),10/02/26 11:00:00,A,PPS_EU27_2020_HAB,FRG,2023,33800,p,
ESTAT:NAMA_10R_2GDP(1.0),10/02/26 11:00:00,A,PPS_EU27_2020_HAB,FRG0,2023,33800,p,
ESTAT:NAMA_10R_2GDP(1.0),10/02/26 11:00:00,A,PPS_EU27_2020_HAB,FRH,2023,32600,p,
ESTAT:NAMA_10R_2GDP(1.0),10/02/26 11:00:00,A,PPS_EU27_2020_HAB,FRH0,2023,32600,p,
ESTAT:NAMA_10R_2GDP(1.0),10/02/26 11:00:00,A,PPS_EU27_2020_HAB,FRI,2023,32700,p,
ESTAT:NAMA_10R_2GDP(1.0),10/02/26 11:00:00,A,PPS_EU27_2020_HAB,FRI1,2023,33900,p,
ESTAT:NAMA_10R_2GDP(1.0),10/02/26 11:00:00,A,PPS_EU27_2020_HAB,FRI2,2023,29000,p,
ESTAT:NAMA_10R_2GDP(1.0),10/02/26 11:00:00,A,PPS_EU27_2020_HAB,FRI3,2023,31800,p,
ESTAT:NAMA_10R_2GDP(1.0),10/02/26 11:00:00,A,PPS_EU27_2020_HAB,FRJ,2023,32300,p,
ESTAT:NAMA_10R_2GDP(1.0),10/02/26 11:00:00,A,PPS_EU27_2020_HAB,FRJ1,2023,29800,p,
ESTAT:NAMA_10R_2GDP(1.0),10/02/26 11:00:00,A,PPS_EU27_2020_HAB,FRJ2,2023,34600,p,
ESTAT:NAMA_10R_2GDP(1.0),10/02/26 11:00:00,A,PPS_EU27_2020_HAB,FRK,2023,37700,p,
ESTAT:NAMA_10R_2GDP(1.0),10/02/26 11:00:00,A,PPS_EU27_2020_HAB,FRK1,2023,30900,p,
ESTAT:NAMA_10R_2GDP(1.0),10/02/26 11:00:00,A,PPS_EU27_2020_HAB,FRK2,2023,39000,p,
ESTAT:NAMA_10R_2GDP(1.0),10/02/26 11:00:00,A,PPS_EU27_2020_HAB,FRL,2023,37300,p,
ESTAT:NAMA_10R_2GDP(1.0),10/02/26 11:00:00,A,PPS_EU27_2020_HAB,FRL0,2023,37300,p,
ESTAT:NAMA_10R_2GDP(1.0),10/02/26 11:00:00,A,PPS_EU27_2020_HAB,FRM,2023,33100,p,
ESTAT:NAMA_10R_2GDP(1.0),10/02/26 11:00:00,A,PPS_EU27_2020_HAB,FRM0,2023,33100,p,
ESTAT:NAMA_10R_2GDP(1.0),10/02/26 11:00:00,A,PPS_EU27_2020_HAB,FRY,2023,22100,p,
ESTAT:NAMA_10R_2GDP(1.0),10/02/26 11:00:00,A,PPS_EU27_2020_HAB,FRY1,2023,25300,p,
ESTAT:NAMA_10R_2GDP(1.0),10/02/26 11:00:00,A,PPS_EU27_2020_HAB,FRY2,2023,26200,p,
ESTAT:NAMA_10R_2GDP(1.0),10/02/26 11:00:00,A,PPS_EU27_2020_HAB,FRY3,2023,16300,p,
ESTAT:NAMA_10R_2GDP(1.0),10/02/26 11:00:00,A,PPS_EU27_2020_HAB,FRY4,2023,24600,p,
ESTAT:NAMA_10R_2GDP(1.0),10/02/26 11:00:00,A,PPS_EU27_2020_HAB,FRY5,2023,11000,p,
ESTAT:NAMA_10R_2GDP(1.0),10/02/26 11:00:00,A,PPS_EU27_2020_HAB,HR,2023,29800,,
ESTAT:NAMA_10R_2GDP(1.0),10/02/26 11:00:00,A,PPS_EU27_2020_HAB,HR0,2023,29800,,
ESTAT:NAMA_10R_2GDP(1.0),10/02/26 11:00:00,A,PPS_EU27_2020_HAB,HR02,2023,20200,,
ESTAT:NAMA_10R_2GDP(1.0),10/02/26 11:00:00,A,PPS_EU27_2020_HAB,HR03,2023,27900,,
ESTAT:NAMA_10R_2GDP(1.0),10/02/26 11:00:00,A,PPS_EU27_2020_HAB,HR05,2023,50200,,
ESTAT:NAMA_10R_2GDP(1.0),10/02/26 11:00:00,A,PPS_EU27_2020_HAB,HR06,2023,25200,,
ESTAT:NAMA_10R_2GDP(1.0),10/02/26 11:00:00,A,PPS_EU27_2020_HAB,HU,2023,29000,,
ESTAT:NAMA_10R_2GDP(1.0),10/02/26 11:00:00,A,PPS_EU27_2020_HAB,HU1,2023,46100,,
ESTAT:NAMA_10R_2GDP(1.0),10/02/26 11:00:00,A,PPS_EU27_2020_HAB,HU11,2023,63000,,
ESTAT:NAMA_10R_2GDP(1.0),10/02/26 11:00:00,A,PPS_EU27_2020_HAB,HU12,2023,24800,,
ESTAT:NAMA_10R_2GDP(1.0),10/02/26 11:00:00,A,PPS_EU27_2020_HAB,HU2,2023,23600,,
ESTAT:NAMA_10R_2GDP(1.0),10/02/26 11:00:00,A,PPS_EU27_2020_HAB,HU21,2023,25400,,
ESTAT:NAMA_10R_2GDP(1.0),10/02/26 11:00:00,A,PPS_EU27_2020_HAB,HU22,2023,25600,,
ESTAT:NAMA_10R_2GDP(1.0),10/02/26 11:00:00,A,PPS_EU27_2020_HAB,HU23,2023,19100,,
ESTAT:NAMA_10R_2GDP(1.0),10/02/26 11:00:00,A,PPS_EU27_2020_HAB,HU3,2023,19300,,
ESTAT:NAMA_10R_2GDP(1.0),10/02/26 11:00:00,A,PPS_EU27_2020_HAB,HU31,2023,18300,,
ESTAT:NAMA_10R_2GDP(1.0),10/02/26 11:00:00,A,PPS_EU27_2020_HAB,HU32,2023,18900,,
ESTAT:NAMA_10R_2GDP(1.0),10/02/26 11:00:00,A,PPS_EU27_2020_HAB,HU33,2023,20600,,
ESTAT:NAMA_10R_2GDP(1.0),10/02/26 11:00:00,A,PPS_EU27_2020_HAB,IE,2023,83600,,
ESTAT:NAMA_10R_2GDP(1.0),10/02/26 11:00:00,A,PPS_EU27_2020_HAB,IE0,2023,83600,,
ESTAT:NAMA_10R_2GDP(1.0),10/02/26 11:00:00,A,PPS_EU27_2020_HAB,IE04,2023,40000,,
ESTAT:NAMA_10R_2GDP(1.0),10/02/26 11:00:00,A,PPS_EU27_2020_HAB,IE05,2023,87900,,
ESTAT:NAMA_10R_2GDP(1.0),10/02/26 11:00:00,A,PPS_EU27_2020_HAB,IE06,2023,96300,,
ESTAT:NAMA_10R_2GDP(1.0),10/02/26 11:00:00,A,PPS_EU27_2020_HAB,IT,2023,37700,,
ESTAT:NAMA_10R_2GDP(1.0),10/02/26 11:00:00,A,PPS_EU27_2020_HAB,ITC,2023,46700,,
ESTAT:NAMA_10R_2GDP(1.0),10/02/26 11:00:00,A,PPS_EU27_2020_HAB,ITC1,2023,38800,,
ESTAT:NAMA_10R_2GDP(1.0),10/02/26 11:00:00,A,PPS_EU27_2020_HAB,ITC2,2023,48900,,
ESTAT:NAMA_10R_2GDP(1.0),10/02/26 11:00:00,A,PPS_EU27_2020_HAB,ITC3,2023,40200,,
ESTAT:NAMA_10R_2GDP(1.0),10/02/26 11:00:00,A,PPS_EU27_2020_HAB,ITC4,2023,50900,,
ESTAT:NAMA_10R_2GDP(1.0),10/02/26 11:00:00,A,PPS_EU27_2020_HAB,ITF,2023,25200,,
ESTAT:NAMA_10R_2GDP(1.0),10/02/26 11:00:00,A,PPS_EU27_2020_HAB,ITF1,2023,32300,,
ESTAT:NAMA_10R_2GDP(1.0),10/02/26 11:00:00,A,PPS_EU27_2020_HAB,ITF2,2023,28200,,
ESTAT:NAMA_10R_2GDP(1.0),10/02/26 11:00:00,A,PPS_EU27_2020_HAB,ITF3,2023,24600,,
ESTAT:NAMA_10R_2GDP(1.0),10/02/26 11:00:00,A,PPS_EU27_2020_HAB,ITF4,2023,24500,,
ESTAT:NAMA_10R_2GDP(1.0),10/02/26 11:00:00,A,PPS_EU27_2020_HAB,ITF5,2023,28800,,
ESTAT:NAMA_10R_2GDP(1.0),10/02/26 11:00:00,A,PPS_EU27_2020_HAB,ITF6,2023,22000,,
ESTAT:NAMA_10R_2GDP(1.0),10/02/26 11:00:00,A,PPS_EU27_2020_HAB,ITG,2023,24200,,
ESTAT:NAMA_10R_2GDP(1.0),10/02/26 11:00:00,A,PPS_EU27_2020_HAB,ITG1,2023,23100,,
ESTAT:NAMA_10R_2GDP(1.0),10/02/26 11:00:00,A,PPS_EU27_2020_HAB,ITG2,2023,27600,,
ESTAT:NAMA_10R_2GDP(1.0),10/02/26 11:00:00,A,PPS_EU27_2020_HAB,ITH,2023,44400,,
ESTAT:NAMA_10R_2GDP(1.0),10/02/26 11:00:00,A,PPS_EU27_2020_HAB,ITH1,2023,63800,,
ESTAT:NAMA_10R_2GDP(1.0),10/02/26 11:00:00,A,PPS_EU27_2020_HAB,ITH2,2023,48500,,
ESTAT:NAMA_10R_2GDP(1.0),10/02/26 11:00:00,A,PPS_EU27_2020_HAB,ITH3,2023,42200,,
ESTAT:NAMA_10R_2GDP(1.0),10/02/26 11:00:00,A,PPS_EU27_2020_HAB,ITH4,2023,39100,,
ESTAT:NAMA_10R_2GDP(1.0),10/02/26 11:00:00,A,PPS_EU27_2020_HAB,ITH5,2023,45400,,
ESTAT:NAMA_10R_2GDP(1.0),10/02/26 11:00:00,A,PPS_EU27_2020_HAB,ITI,2023,40500,,
ESTAT:NAMA_10R_2GDP(1.0),10/02/26 11:00:00,A,PPS_EU27_2020_HAB,ITI1,2023,39500,,
ESTAT:NAMA_10R_2GDP(1.0),10/02/26 11:00:00,A,PPS_EU27_2020_HAB,ITI2,2023,32600,,
ESTAT:NAMA_10R_2GDP(1.0),10/02/26 11:00:00,A,PPS_EU27_2020_HAB,ITI3,2023,34500,,
ESTAT:NAMA_10R_2GDP(1.0),10/02/26 11:00:00,A,PPS_EU27_2020_HAB,ITI4,2023,43800,,
ESTAT:NAMA_10R_2GDP(1.0),10/02/26 11:00:00,A,PPS_EU27_2020_HAB,LT,2023,32900,,
ESTAT:NAMA_10R_2GDP(1.0),10/02/26 11:00:00,A,PPS_EU27_2020_HAB,LT0,2023,32900,,
ESTAT:NAMA_10R_2GDP(1.0),10/02/26 11:00:00,A,PPS_EU27_2020_HAB,LT01,2023,50100,,
ESTAT:NAMA_10R_2GDP(1.0),10/02/26 11:00:00,A,PPS_EU27_2020_HAB,LT02,2023,25600,,
ESTAT:NAMA_10R_2GDP(1.0),10/02/26 11:00:00,A,PPS_EU27_2020_HAB,LU,2023,95100,,
ESTAT:NAMA_10R_2GDP(1.0),10/02/26 11:00:00,A,PPS_EU27_2020_HAB,LU0,2023,95100,,
ESTAT:NAMA_10R_2GDP(1.0),10/02/26 11:00:00,A,PPS_EU27_2020_HAB,LU00,2023,95100,,
ESTAT:NAMA_10R_2GDP(1.0),10/02/26 11:00:00,A,PPS_EU27_2020_HAB,LV,2023,26800,,
ESTAT:NAMA_10R_2GDP(1.0),10/02/26 11:00:00,A,PPS_EU27_2020_HAB,LV0,2023,26700,,
ESTAT:NAMA_10R_2GDP(1.0),10/02/26 11:00:00,A,PPS_EU27_2020_HAB,LV00,2023,26700,,
ESTAT:NAMA_10R_2GDP(1.0),10/02/26 11:00:00,A,PPS_EU27_2020_HAB,ME,2023,19900,,
ESTAT:NAMA_10R_2GDP(1.0),10/02/26 11:00:00,A,PPS_EU27_2020_HAB,ME0,2023,19900,,
ESTAT:NAMA_10R_2GDP(1.0),10/02/26 11:00:00,A,PPS_EU27_2020_HAB,ME00,2023,19900,,
ESTAT:NAMA_10R_2GDP(1.0),10/02/26 11:00:00,A,PPS_EU27_2020_HAB,MK,2023,15800,e,
ESTAT:NAMA_10R_2GDP(1.0),10/02/26 11:00:00,A,PPS_EU27_2020_HAB,MK0,2023,15800,e,
ESTAT:NAMA_10R_2GDP(1.0),10/02/26 11:00:00,A,PPS_EU27_2020_HAB,MK00,2023,15800,e,
ESTAT:NAMA_10R_2GDP(1.0),10/02/26 11:00:00,A,PPS_EU27_2020_HAB,MT,2023,41800,,
ESTAT:NAMA_10R_2GDP(1.0),10/02/26 11:00:00,A,PPS_EU27_2020_HAB,MT0,2023,41800,,
ESTAT:NAMA_10R_2GDP(1.0),10/02/26 11:00:00,A,PPS_EU27_2020_HAB,MT00,2023,41800,,
ESTAT:NAMA_10R_2GDP(1.0),10/02/26 11:00:00,A,PPS_EU27_2020_HAB,NL,2023,50200,,
ESTAT:NAMA_10R_2GDP(1.0),10/02/26 11:00:00,A,PPS_EU27_2020_HAB,NL1,2023,39700,,
ESTAT:NAMA_10R_2GDP(1.0),10/02/26 11:00:00,A,PPS_EU27_2020_HAB,NL11,2023,46100,,
ESTAT:NAMA_10R_2GDP(1.0),10/02/26 11:00:00,A,PPS_EU27_2020_HAB,NL12,2023,36900,,
ESTAT:NAMA_10R_2GDP(1.0),10/02/26 11:00:00,A,PPS_EU27_2020_HAB,NL13,2023,35600,,
ESTAT:NAMA_10R_2GDP(1.0),10/02/26 11:00:00,A,PPS_EU27_2020_HAB,NL2,2023,42200,,
ESTAT:NAMA_10R_2GDP(1.0),10/02/26 11:00:00,A,PPS_EU27_2020_HAB,NL21,2023,43000,,
ESTAT:NAMA_10R_2GDP(1.0),10/02/26 11:00:00,A,PPS_EU27_2020_HAB,NL22,2023,42200,,
ESTAT:NAMA_10R_2GDP(1.0),10/02/26 11:00:00,A,PPS_EU27_2020_HAB,NL23,2023,39600,,
ESTAT:NAMA_10R_2GDP(1.0),10/02/26 11:00:00,A,PPS_EU27_2020_HAB,NL3,2023,56100,,
ESTAT:NAMA_10R_2GDP(1.0),10/02/26 11:00:00,A,PPS_EU27_2020_HAB,NL32,2023,66100,,
ESTAT:NAMA_10R_2GDP(1.0),10/02/26 11:00:00,A,PPS_EU27_2020_HAB,NL34,2023,42900,,
ESTAT:NAMA_10R_2GDP(1.0),10/02/26 11:00:00,A,PPS_EU27_2020_HAB,NL35,2023,60300,,
ESTAT:NAMA_10R_2GDP(1.0),10/02/26 11:00:00,A,PPS_EU27_2020_HAB,NL36,2023,48200,,
ESTAT:NAMA_10R_2GDP(1.0),10/02/26 11:00:00,A,PPS_EU27_2020_HAB,NL4,2023,48800,,
ESTAT:NAMA_10R_2GDP(1.0),10/02/26 11:00:00,A,PPS_EU27_2020_HAB,NL41,2023,51800,,
ESTAT:NAMA_10R_2GDP(1.0),10/02/26 11:00:00,A,PPS_EU27_2020_HAB,NL42,2023,41900,,
ESTAT:NAMA_10R_2GDP(1.0),10/02/26 11:00:00,A,PPS_EU27_2020_HAB,PL,2023,29500,,
ESTAT:NAMA_10R_2GDP(1.0),10/02/26 11:00:00,A,PPS_EU27_2020_HAB,PL2,2023,28600,,
ESTAT:NAMA_10R_2GDP(1.0),10/02/26 11:00:00,A,PPS_EU27_2020_HAB,PL21,2023,26300,,
ESTAT:NAMA_10R_2GDP(1.0),10/02/26 11:00:00,A,PPS_EU27_2020_HAB,PL22,2023,30400,,
ESTAT:NAMA_10R_2GDP(1.0),10/02/26 11:00:00,A,PPS_EU27_2020_HAB,PL4,2023,28000,,
ESTAT:NAMA_10R_2GDP(1.0),10/02/26 11:00:00,A,PPS_EU27_2020_HAB,PL41,2023,30900,,
ESTAT:NAMA_10R_2GDP(1.0),10/02/26 11:00:00,A,PPS_EU27_2020_HAB,PL42,2023,24200,,
ESTAT:NAMA_10R_2GDP(1.0),10/02/26 11:00:00,A,PPS_EU27_2020_HAB,PL43,2023,23600,,
ESTAT:NAMA_10R_2GDP(1.0),10/02/26 11:00:00,A,PPS_EU27_2020_HAB,PL5,2023,29700,,
ESTAT:NAMA_10R_2GDP(1.0),10/02/26 11:00:00,A,PPS_EU27_2020_HAB,PL51,2023,31500,,
ESTAT:NAMA_10R_2GDP(1.0),10/02/26 11:00:00,A,PPS_EU27_2020_HAB,PL52,2023,23700,,
ESTAT:NAMA_10R_2GDP(1.0),10/02/26 11:00:00,A,PPS_EU27_2020_HAB,PL6,2023,24900,,
ESTAT:NAMA_10R_2GDP(1.0),10/02/26 11:00:00,A,PPS_EU27_2020_HAB,PL61,2023,23700,,
ESTAT:NAMA_10R_2GDP(1.0),10/02/26 11:00:00,A,PPS_EU27_2020_HAB,PL62,2023,20800,,
ESTAT:NAMA_10R_2GDP(1.0),10/02/26 11:00:00,A,PPS_EU27_2020_HAB,PL63,2023,28200,,
ESTAT:NAMA_10R_2GDP(1.0),10/02/26 11:00:00,A,PPS_EU27_2020_HAB,PL7,2023,26100,,
ESTAT:NAMA_10R_2GDP(1.0),10/02/26 11:00:00,A,PPS_EU27_2020_HAB,PL71,2023,28000,,
ESTAT:NAMA_10R_2GDP(1.0),10/02/26 11:00:00,A,PPS_EU27_2020_HAB,PL72,2023,22100,,
ESTAT:NAMA_10R_2GDP(1.0),10/02/26 11:00:00,A,PPS_EU27_2020_HAB,PL8,2023,21200,,
ESTAT:NAMA_10R_2GDP(1.0),10/02/26 11:00:00,A,PPS_EU27_2020_HAB,PL81,2023,20300,,
ESTAT:NAMA_10R_2GDP(1.0),10/02/26 11:00:00,A,PPS_EU27_2020_HAB,PL82,2023,21100,,
ESTAT:NAMA_10R_2GDP(1.0),10/02/26 11:00:00,A,PPS_EU27_2020_HAB,PL84,2023,22800,,
ESTAT:NAMA_10R_2GDP(1.0),10/02/26 11:00:00,A,PPS_EU27_2020_HAB,PL9,2023,46400,,
ESTAT:NAMA_10R_2GDP(1.0),10/02/26 11:00:00,A,PPS_EU27_2020_HAB,PL91,2023,59300,,
ESTAT:NAMA_10R_2GDP(1.0),10/02/26 11:00:00,A,PPS_EU27_2020_HAB,PL92,2023,26800,,
ESTAT:NAMA_10R_2GDP(1.0),10/02/26 11:00:00,A,PPS_EU27_2020_HAB,PT,2023,31100,,
ESTAT:NAMA_10R_2GDP(1.0),10/02/26 11:00:00,A,PPS_EU27_2020_HAB,PT1,2023,31100,,
ESTAT:NAMA_10R_2GDP(1.0),10/02/26 11:00:00,A,PPS_EU27_2020_HAB,PT11,2023,26600,,
ESTAT:NAMA_10R_2GDP(1.0),10/02/26 11:00:00,A,PPS_EU27_2020_HAB,PT15,2023,33400,,
ESTAT:NAMA_10R_2GDP(1.0),10/02/26 11:00:00,A,PPS_EU27_2020_HAB,PT19,2023,26900,,
ESTAT:NAMA_10R_2GDP(1.0),10/02/26 11:00:00,A,PPS_EU27_2020_HAB,PT1A,2023,48800,,
ESTAT:NAMA_10R_2GDP(1.0),10/02/26 11:00:00,A,PPS_EU27_2020_HAB,PT1B,2023,20900,,
ESTAT:NAMA_10R_2GDP(1.0),10/02/26 11:00:00,A,PPS_EU27_2020_HAB,PT1C,2023,29600,,
ESTAT:NAMA_10R_2GDP(1.0),10/02/26 11:00:00,A,PPS_EU27_2020_HAB,PT1D,2023,24600,,
ESTAT:NAMA_10R_2GDP(1.0),10/02/26 11:00:00,A,PPS_EU27_2020_HAB,PT2,2023,27200,,
ESTAT:NAMA_10R_2GDP(1.0),10/02/26 11:00:00,A,PPS_EU27_2020_HAB,PT20,2023,27200,,
ESTAT:NAMA_10R_2GDP(1.0),10/02/26 11:00:00,A,PPS_EU27_2020_HAB,PT3,2023,33200,,
ESTAT:NAMA_10R_2GDP(1.0),10/02/26 11:00:00,A,PPS_EU27_2020_HAB,PT30,2023,33200,,
ESTAT:NAMA_10R_2GDP(1.0),10/02/26 11:00:00,A,PPS_EU27_2020_HAB,RO,2023,28700,,
ESTAT:NAMA_10R_2GDP(1.0),10/02/26 11:00:00,A,PPS_EU27_2020_HAB,RO1,2023,26600,,
ESTAT:NAMA_10R_2GDP(1.0),10/02/26 11:00:00,A,PPS_EU27_2020_HAB,RO11,2023,26500,,
ESTAT:NAMA_10R_2GDP(1.0),10/02/26 11:00:00,A,PPS_EU27_2020_HAB,RO12,2023,26800,,
ESTAT:NAMA_10R_2GDP(1.0),10/02/26 11:00:00,A,PPS_EU27_2020_HAB,RO2,2023,19700,,
ESTAT:NAMA_10R_2GDP(1.0),10/02/26 11:00:00,A,PPS_EU27_2020_HAB,RO21,2023,17900,,
ESTAT:NAMA_10R_2GDP(1.0),10/02/26 11:00:00,A,PPS_EU27_2020_HAB,RO22,2023,22100,,
ESTAT:NAMA_10R_2GDP(1.0),10/02/26 11:00:00,A,PPS_EU27_2020_HAB,RO3,2023,42400,,
ESTAT:NAMA_10R_2GDP(1.0),10/02/26 11:00:00,A,PPS_EU27_2020_HAB,RO31,2023,20600,,
ESTAT:NAMA_10R_2GDP(1.0),10/02/26 11:00:00,A,PPS_EU27_2020_HAB,RO32,2023,69400,,
ESTAT:NAMA_10R_2GDP(1.0),10/02/26 11:00:00,A,PPS_EU27_2020_HAB,RO4,2023,25800,,
ESTAT:NAMA_10R_2GDP(1.0),10/02/26 11:00:00,A,PPS_EU27_2020_HAB,RO41,2023,22600,,
ESTAT:NAMA_10R_2GDP(1.0),10/02/26 11:00:00,A,PPS_EU27_2020_HAB,RO42,2023,29400,,
ESTAT:NAMA_10R_2GDP(1.0),10/02/26 11:00:00,A,PPS_EU27_2020_HAB,RS,2023,18600,p,
ESTAT:NAMA_10R_2GDP(1.0),10/02/26 11:00:00,A,PPS_EU27_2020_HAB,RS1,2023,24500,p,
ESTAT:NAMA_10R_2GDP(1.0),10/02/26 11:00:00,A,PPS_EU27_2020_HAB,RS11,2023,31500,p,
ESTAT:NAMA_10R_2GDP(1.0),10/02/26 11:00:00,A,PPS_EU27_2020_HAB,RS12,2023,17600,p,
ESTAT:NAMA_10R_2GDP(1.0),10/02/26 11:00:00,A,PPS_EU27_2020_HAB,RS2,2023,12300,p,
ESTAT:NAMA_10R_2GDP(1.0),10/02/26 11:00:00,A,PPS_EU27_2020_HAB,RS21,2023,11600,p,
ESTAT:NAMA_10R_2GDP(1.0),10/02/26 11:00:00,A,PPS_EU27_2020_HAB,RS22,2023,13300,p,
ESTAT:NAMA_10R_2GDP(1.0),10/02/26 11:00:00,A,PPS_EU27_2020_HAB,SE,2023,42500,,
ESTAT:NAMA_10R_2GDP(1.0),10/02/26 11:00:00,A,PPS_EU27_2020_HAB,SE1,2023,49000,,
ESTAT:NAMA_10R_2GDP(1.0),10/02/26 11:00:00,A,PPS_EU27_2020_HAB,SE11,2023,57800,,
ESTAT:NAMA_10R_2GDP(1.0),10/02/26 11:00:00,A,PPS_EU27_2020_HAB,SE12,2023,36700,,
ESTAT:NAMA_10R_2GDP(1.0),10/02/26 11:00:00,A,PPS_EU27_2020_HAB,SE2,2023,39000,,
ESTAT:NAMA_10R_2GDP(1.0),10/02/26 11:00:00,A,PPS_EU27_2020_HAB,SE21,2023,36300,,
ESTAT:NAMA_10R_2GDP(1.0),10/02/26 11:00:00,A,PPS_EU27_2020_HAB,SE22,2023,35900,,
ESTAT:NAMA_10R_2GDP(1.0),10/02/26 11:00:00,A,PPS_EU27_2020_HAB,SE23,2023,42300,,
ESTAT:NAMA_10R_2GDP(1.0),10/02/26 11:00:00,A,PPS_EU27_2020_HAB,SE3,2023,36200,,
ESTAT:NAMA_10R_2GDP(1.0),10/02/26 11:00:00,A,PPS_EU27_2020_HAB,SE31,2023,32600,,
ESTAT:NAMA_10R_2GDP(1.0),10/02/26 11:00:00,A,PPS_EU27_2020_HAB,SE32,2023,36400,,
ESTAT:NAMA_10R_2GDP(1.0),10/02/26 11:00:00,A,PPS_EU27_2020_HAB,SE33,2023,41900,,
ESTAT:NAMA_10R_2GDP(1.0),10/02/26 11:00:00,A,PPS_EU27_2020_HAB,SI,2023,35100,,
ESTAT:NAMA_10R_2GDP(1.0),10/02/26 11:00:00,A,PPS_EU27_2020_HAB,SI0,2023,35100,,
ESTAT:NAMA_10R_2GDP(1.0),10/02/26 11:00:00,A,PPS_EU27_2020_HAB,SI03,2023,28000,,
ESTAT:NAMA_10R_2GDP(1.0),10/02/26 11:00:00,A,PPS_EU27_2020_HAB,SI04,2023,42900,,
ESTAT:NAMA_10R_2GDP(1.0),10/02/26 11:00:00,A,PPS_EU27_2020_HAB,SK,2023,28500,,
ESTAT:NAMA_10R_2GDP(1.0),10/02/26 11:00:00,A,PPS_EU27_2020_HAB,SK0,2023,28500,,
ESTAT:NAMA_10R_2GDP(1.0),10/02/26 11:00:00,A,PPS_EU27_2020_HAB,SK01,2023,58000,,
ESTAT:NAMA_10R_2GDP(1.0),10/02/26 11:00:00,A,PPS_EU27_2020_HAB,SK02,2023,26600,,
ESTAT:NAMA_10R_2GDP(1.0),10/02/26 11:00:00,A,PPS_EU27_2020_HAB,SK03,2023,23600,,
ESTAT:NAMA_10R_2GDP(1.0),10/02/26 11:00:00,A,PPS_EU27_2020_HAB,SK04,2023,20900,,
ESTAT:NAMA_10R_2GDP(1.0),10/02/26 11:00:00,A,PPS_EU27_2020_HAB,TR,2023,25700,,
ESTAT:NAMA_10R_2GDP(1.0),10/02/26 11:00:00,A,PPS_EU27_2020_HAB,TR1,2023,41400,,
ESTAT:NAMA_10R_2GDP(1.0),10/02/26 11:00:00,A,PPS_EU27_2020_HAB,TR10,2023,41400,,
ESTAT:NAMA_10R_2GDP(1.0),10/02/26 11:00:00,A,PPS_EU27_2020_HAB,TR2,2023,27200,,
ESTAT:NAMA_10R_2GDP(1.0),10/02/26 11:00:00,A,PPS_EU27_2020_HAB,TR21,2023,30200,,
ESTAT:NAMA_10R_2GDP(1.0),10/02/26 11:00:00,A,PPS_EU27_2020_HAB,TR22,2023,24100,,
ESTAT:NAMA_10R_2GDP(1.0),10/02/26 11:00:00,A,PPS_EU27_2020_HAB,TR3,2023,25100,,
ESTAT:NAMA_10R_2GDP(1.0),10/02/26 11:00:00,A,PPS_EU27_2020_HAB,TR31,2023,29700,,
ESTAT:NAMA_10R_2GDP(1.0),10/02/26 11:00:00,A,PPS_EU27_2020_HAB,TR32,2023,22200,,
ESTAT:NAMA_10R_2GDP(1.0),10/02/26 11:00:00,A,PPS_EU27_2020_HAB,TR33,2023,21500,,
ESTAT:NAMA_10R_2GDP(1.0),10/02/26 11:00:00,A,PPS_EU27_2020_HAB,TR4,2023,30400,,
ESTAT:NAMA_10R_2GDP(1.0),10/02/26 11:00:00,A,PPS_EU27_2020_HAB,TR41,2023,26800,,
ESTAT:NAMA_10R_2GDP(1.0),10/02/26 11:00:00,A,PPS_EU27_2020_HAB,TR42,2023,34200,,
ESTAT:NAMA_10R_2GDP(1.0),10/02/26 11:00:00,A,PPS_EU27_2020_HAB,TR5,2023,33800,,
ESTAT:NAMA_10R_2GDP(1.0),10/02/26 11:00:00,A,PPS_EU27_2020_HAB,TR51,2023,39800,,
ESTAT:NAMA_10R_2GDP(1.0),10/02/26 11:00:00,A,PPS_EU27_2020_HAB,TR52,2023,20700,,
ESTAT:NAMA_10R_2GDP(1.0),10/02/26 11:00:00,A,PPS_EU27_2020_HAB,TR6,2023,20500,,
ESTAT:NAMA_10R_2GDP(1.0),10/02/26 11:00:00,A,PPS_EU27_2020_HAB,TR61,2023,26800,,
ESTAT:NAMA_10R_2GDP(1.0),10/02/26 11:00:00,A,PPS_EU27_2020_HAB,TR62,2023,20000,,
ESTAT:NAMA_10R_2GDP(1.0),10/02/26 11:00:00,A,PPS_EU27_2020_HAB,TR63,2023,15200,,
ESTAT:NAMA_10R_2GDP(1.0),10/02/26 11:00:00,A,PPS_EU27_2020_HAB,TR7,2023,19500,,
ESTAT:NAMA_10R_2GDP(1.0),10/02/26 11:00:00,A,PPS_EU27_2020_HAB,TR71,2023,20000,,
ESTAT:NAMA_10R_2GDP(1.0),10/02/26 11:00:00,A,PPS_EU27_2020_HAB,TR72,2023,19200,,
ESTAT:NAMA_10R_2GDP(1.0),10/02/26 11:00:00,A,PPS_EU27_2020_HAB,TR8,2023,17600,,
ESTAT:NAMA_10R_2GDP(1.0),10/02/26 11:00:00,A,PPS_EU27_2020_HAB,TR81,2023,18800,,
ESTAT:NAMA_10R_2GDP(1.0),10/02/26 11:00:00,A,PPS_EU27_2020_HAB,TR82,2023,19400,,
ESTAT:NAMA_10R_2GDP(1.0),10/02/26 11:00:00,A,PPS_EU27_2020_HAB,TR83,2023,16700,,
ESTAT:NAMA_10R_2GDP(1.0),10/02/26 11:00:00,A,PPS_EU27_2020_HAB,TR9,2023,15700,,
ESTAT:NAMA_10R_2GDP(1.0),10/02/26 11:00:00,A,PPS_EU27_2020_HAB,TR90,2023,15700,,
ESTAT:NAMA_10R_2GDP(1.0),10/02/26 11:00:00,A,PPS_EU27_2020_HAB,TRA,2023,14600,,
ESTAT:NAMA_10R_2GDP(1.0),10/02/26 11:00:00,A,PPS_EU27_2020_HAB,TRA1,2023,16700,,
ESTAT:NAMA_10R_2GDP(1.0),10/02/26 11:00:00,A,PPS_EU27_2020_HAB,TRA2,2023,12400,,
ESTAT:NAMA_10R_2GDP(1.0),10/02/26 11:00:00,A,PPS_EU27_2020_HAB,TRB,2023,13100,,
ESTAT:NAMA_10R_2GDP(1.0),10/02/26 11:00:00,A,PPS_EU27_2020_HAB,TRB1,2023,15900,,
ESTAT:NAMA_10R_2GDP(1.0),10/02/26 11:00:00,A,PPS_EU27_2020_HAB,TRB2,2023,10700,,
ESTAT:NAMA_10R_2GDP(1.0),10/02/26 11:00:00,A,PPS_EU27_2020_HAB,TRC,2023,12500,,
ESTAT:NAMA_10R_2GDP(1.0),10/02/26 11:00:00,A,PPS_EU27_2020_HAB,TRC1,2023,15200,,
ESTAT:NAMA_10R_2GDP(1.0),10/02/26 11:00:00,A,PPS_EU27_2020_HAB,TRC2,2023,10100,,
ESTAT:NAMA_10R_2GDP(1.0),10/02/26 11:00:00,A,PPS_EU27_2020_HAB,TRC3,2023,13200,,
